{
  "\u65b0\u7586": {
    "left": 25.0,
    "top": 36.266667
  },
  "\u5185\u8499\u53e4": {
    "left": 60.0,
    "top": 40.0
  },
  "\u9ed1\u9f99\u6c5f": {
    "left": 87.5,
    "top": 24.0
  },
  "\u5409\u6797": {
    "left": 83.333333,
    "top": 33.066667
  },
  "\u8fbd\u5b81": {
    "left": 79.583333,
    "top": 38.4
  },
  "\u5929\u6d25": {
    "left": 70.625,
    "top": 45.333333
  },
  "\u5317\u4eac": {
    "left": 68.75,
    "top": 42.4
  },
  "\u6cb3\u5317": {
    "left": 67.708333,
    "top": 47.2
  },
  "\u5c71\u897f": {
    "left": 62.708333,
    "top": 49.6
  },
  "\u5b81\u590f": {
    "left": 53.125,
    "top": 49.333333
  },
  "\u7518\u8083": {
    "left": 50.0,
    "top": 54.4
  },
  "\u9752\u6d77": {
    "left": 42.5,
    "top": 50.666667
  },
  "\u897f\u85cf": {
    "left": 27.5,
    "top": 63.2
  },
  "\u5c71\u4e1c": {
    "left": 70.833333,
    "top": 53.066667
  },
  "\u6cb3\u5357": {
    "left": 65.0,
    "top": 57.6
  },
  "\u9655\u897f": {
    "left": 56.25,
    "top": 57.6
  },
  "\u56db\u5ddd": {
    "left": 47.5,
    "top": 64.533333
  },
  "\u91cd\u5e86": {
    "left": 55.625,
    "top": 67.466667
  },
  "\u6e56\u5317": {
    "left": 63.541667,
    "top": 65.066667
  },
  "\u5b89\u5fbd": {
    "left": 71.25,
    "top": 63.466667
  },
  "\u6c5f\u82cf": {
    "left": 67.083333,
    "top": 58.133333
  },
  "\u4e0a\u6d77": {
    "left": 77.916667,
    "top": 65.066667
  },
  "\u6d59\u6c5f": {
    "left": 76.041667,
    "top": 68.533333
  },
  "\u6c5f\u897f": {
    "left": 68.333333,
    "top": 73.6
  },
  "\u6e56\u5357": {
    "left": 61.666667,
    "top": 72.0
  },
  "\u8d35\u5dde": {
    "left": 53.333333,
    "top": 74.666667
  },
  "\u4e91\u5357": {
    "left": 43.75,
    "top": 80.0
  },
  "\u5e7f\u897f": {
    "left": 56.25,
    "top": 83.733333
  },
  "\u5e7f\u4e1c": {
    "left": 65.0,
    "top": 82.933333
  },
  "\u798f\u5efa": {
    "left": 72.708333,
    "top": 77.333333
  },
  "\u6d77\u5357": {
    "left": 58.125,
    "top": 93.866667
  },
  "\u6fb3\u95e8": {
    "left": 63.125,
    "top": 88.0
  },
  "\u9999\u6e2f": {
    "left": 65.833333,
    "top": 86.133333
  },
  "\u53f0\u6e7e": {
    "left": 77.5,
    "top": 82.4
  }
}
